Country,Internet users per 100 people,Year
Afghanistan,0,1990
Albania,0,1990
Algeria,0,1990
Andorra,0,1990
Angola,0,1990
Antigua and Barbuda,0,1990
Argentina,0,1990
Armenia,0,1990
Australia,0.585094712,1990
Austria,0.130369377,1990
Azerbaijan,0,1990
Bahrain,0,1990
Bangladesh,0,1990
Barbados,0,1990
Belarus,0,1990
Belgium,0.00100674,1990
Belize,0,1990
Benin,0,1990
Bhutan,0,1990
Bolivia,0,1990
Bosnia and Herzegovina,0,1990
Botswana,0,1990
Brazil,0,1990
Brunei,0,1990
Bulgaria,0,1990
Burkina Faso,0,1990
Burundi,0,1990
Cabo Verde,0,1990
Cambodia,0,1990
Cameroon,0,1990
Canada,0.360999701,1990
Central African Republic,0,1990
Chad,0,1990
Chile,0,1990
China,0,1990
Colombia,0,1990
Comoros,0,1990
Congo,0,1990
Costa Rica,0,1990
Côte d'Ivoire,0,1990
Croatia,0,1990
Cuba,0,1990
Cyprus,0,1990
Czech Republic,0,1990
Dem. People's Rep. Korea,0,1990
Dem. Rep. Congo,0,1990
Denmark,0.097277268,1990
Djibouti,0,1990
Dominica,0,1990
Dominican Republic,0,1990
Ecuador,0,1990
Egypt,0,1990
El Salvador,0,1990
Equatorial Guinea,0,1990
Eritrea,0,1990
Estonia,0,1990
Ethiopia,0,1990
Fiji,0,1990
Finland,0.40108767,1990
France,0.052777862,1990
Gabon,0,1990
Georgia,0,1990
Germany,0.125892223,1990
Ghana,0,1990
Greece,0,1990
Grenada,0,1990
Guatemala,0,1990
Guinea,0,1990
Guinea-Bissau,0,1990
Guyana,0,1990
Haiti,0,1990
Honduras,0,1990
"Hong Kong SAR, China",0,1990
Hungary,0,1990
Iceland,0,1990
India,0,1990
Indonesia,0,1990
Iran,0,1990
Iraq,0,1990
Ireland,0,1990
Israel,0.110773866,1990
Italy,0.017544562,1990
Jamaica,0,1990
Japan,0.020293683,1990
Jordan,0,1990
Kazakhstan,0,1990
Kenya,0,1990
Kiribati,0,1990
Korea,0.023265092,1990
Kuwait,0,1990
Kyrgyz Republic,0,1990
Lao PDR,0,1990
Latvia,0,1990
Lebanon,0,1990
Lesotho,0,1990
Liberia,0,1990
Libya,0,1990
Liechtenstein,0,1990
Lithuania,0,1990
Luxembourg,0,1990
"Macao SAR, China",0,1990
Macedonia,0,1990
Madagascar,0,1990
Malawi,0,1990
Malaysia,0,1990
Maldives,0,1990
Mali,0,1990
Malta,0,1990
Marshall Islands,0,1990
Mauritania,0,1990
Mauritius,0,1990
Mexico,0,1990
Micronesia,0,1990
Moldova,0,1990
Monaco,0,1990
Mongolia,0,1990
Montenegro,,1990
Morocco,0,1990
Mozambique,0,1990
Myanmar,0,1990
Namibia,0,1990
Nauru,0,1990
Nepal,0,1990
Netherlands,0.334386942,1990
New Zealand,0,1990
Nicaragua,0,1990
Niger,0,1990
Nigeria,0,1990
Norway,0.707299448,1990
Oman,0,1990
Pakistan,0,1990
Palau,0,1990
Panama,0,1990
Papua New Guinea,0,1990
Paraguay,0,1990
Peru,0,1990
Philippines,0,1990
Poland,0,1990
Portugal,0,1990
Qatar,0,1990
Romania,0,1990
Russia,0,1990
Rwanda,0,1990
Samoa,0,1990
San Marino,0,1990
São Tomé and Principe,0,1990
Saudi Arabia,0,1990
Senegal,0,1990
Serbia,,1990
Seychelles,0,1990
Sierra Leone,0,1990
Singapore,0,1990
Slovak Republic,0,1990
Slovenia,0,1990
Solomon Islands,0,1990
Somalia,0,1990
South Africa,0,1990
South Sudan,,1990
Spain,0.012873564,1990
Sri Lanka,0,1990
St. Kitts and Nevis,0,1990
St. Lucia,0,1990
St. Vincent and the Grenadines,0,1990
Sudan,0,1990
Suriname,0,1990
Swaziland,0,1990
Sweden,0.584192066,1990
Switzerland,0.595714223,1990
Syrian Arab Republic,0,1990
Tajikistan,0,1990
Tanzania,0,1990
Thailand,0,1990
The Bahamas,0,1990
The Gambia,0,1990
Timor-Leste,0,1990
Togo,0,1990
Tonga,0,1990
Trinidad and Tobago,0,1990
Tunisia,0,1990
Turkey,0,1990
Turkmenistan,0,1990
Tuvalu,0,1990
Uganda,0,1990
Ukraine,0,1990
United Arab Emirates,0,1990
United Kingdom,0.087355319,1990
United States,0.784728502,1990
Uruguay,0,1990
Uzbekistan,0,1990
Vanuatu,0,1990
Venezuela,0,1990
Vietnam,0,1990
West Bank and Gaza,0,1990
Yemen,0,1990
Zambia,0,1990
Zimbabwe,0,1990
Afghanistan,,2000
Albania,0.114097347,2000
Algeria,0.491705679,2000
Andorra,10.53883561,2000
Angola,0.105045562,2000
Antigua and Barbuda,6.482225737,2000
Argentina,7.038683086,2000
Armenia,1.300470022,2000
Australia,46.75611561,2000
Austria,33.73013295,2000
Azerbaijan,0.147757576,2000
Bahrain,6.153732546,2000
Bangladesh,0.071039423,2000
Barbados,3.973678355,2000
Belarus,1.860398126,2000
Belgium,29.43169169,2000
Belize,5.963835303,2000
Benin,0.225247851,2000
Bhutan,0.400944447,2000
Bolivia,1.442763585,2000
Bosnia and Herzegovina,1.08296075,2000
Botswana,2.902666622,2000
Brazil,2.870685159,2000
Brunei,8.996284534,2000
Bulgaria,5.370923469,2000
Burkina Faso,0.077080169,2000
Burundi,0.077248447,2000
Cabo Verde,1.822443852,2000
Cambodia,0.04702264,2000
Cameroon,0.252120078,2000
Canada,51.3,2000
Central African Republic,0.053394174,2000
Chad,0.035707076,2000
Chile,16.6,2000
China,1.775913207,2000
Colombia,2.207532993,2000
Comoros,0.271740607,2000
Congo,0.026354732,2000
Costa Rica,5.800253023,2000
Côte d'Ivoire,0.231461671,2000
Croatia,6.644882544,2000
Cuba,0.541182549,2000
Cyprus,15.25539437,2000
Czech Republic,9.780527888,2000
Dem. People's Rep. Korea,0,2000
Dem. Rep. Congo,0.005902114,2000
Denmark,39.17243086,2000
Djibouti,0.194500528,2000
Dominica,8.814844198,2000
Dominican Republic,3.704692356,2000
Ecuador,1.462188536,2000
Egypt,0.641265038,2000
El Salvador,1.177397269,2000
Equatorial Guinea,0.132354665,2000
Eritrea,0.136711941,2000
Estonia,28.57695381,2000
Ethiopia,0.015263767,2000
Fiji,1.496854734,2000
Finland,37.24846174,2000
France,14.30792394,2000
Gabon,1.216140618,2000
Georgia,0.484746299,2000
Germany,30.21634661,2000
Ghana,0.153615298,2000
Greece,9.138837308,2000
Grenada,4.063907991,2000
Guatemala,0.712332905,2000
Guinea,0.095424924,2000
Guinea-Bissau,0.230103171,2000
Guyana,6.611491566,2000
Haiti,0.231270715,2000
Honduras,1.203855999,2000
"Hong Kong SAR, China",27.82776068,2000
Hungary,6.999676351,2000
Iceland,44.47053382,2000
India,0.52753245,2000
Indonesia,0.925563864,2000
Iran,0.93419002,2000
Iraq,,2000
Ireland,17.85046724,2000
Israel,20.87379,2000
Italy,23.11087424,2000
Jamaica,3.115778027,2000
Japan,29.99074036,2000
Jordan,2.623275422,2000
Kazakhstan,0.668594403,2000
Kenya,0.318059714,2000
Kiribati,1.785225474,2000
Korea,44.7,2000
Kuwait,6.731395768,2000
Kyrgyz Republic,1.041401145,2000
Lao PDR,0.111044032,2000
Latvia,6.319062083,2000
Lebanon,7.952743736,2000
Lesotho,0.21180607,2000
Liberia,0.017702706,2000
Libya,0.187042622,2000
Liechtenstein,36.51522989,2000
Lithuania,6.427067495,2000
Luxembourg,22.88732797,2000
"Macao SAR, China",13.60858974,2000
Macedonia,2.485566316,2000
Madagascar,0.196394691,2000
Malawi,0.126780945,2000
Malaysia,21.38473116,2000
Maldives,2.203872939,2000
Mali,0.142545755,2000
Malta,13.11370871,2000
Marshall Islands,1.534271796,2000
Mauritania,0.192031462,2000
Mauritius,7.281535115,2000
Mexico,5.081384153,2000
Micronesia,3.734862137,2000
Moldova,1.282846417,2000
Monaco,42.18486345,2000
Mongolia,1.255652004,2000
Montenegro,,2000
Morocco,0.693791245,2000
Mozambique,0.10959253,2000
Myanmar,,2000
Namibia,1.644739547,2000
Nauru,,2000
Nepal,0.204651684,2000
Netherlands,43.98435137,2000
New Zealand,47.37955654,2000
Nicaragua,0.980216487,2000
Niger,0.036261294,2000
Nigeria,0.064080808,2000
Norway,52,2000
Oman,3.520421417,2000
Pakistan,,2000
Palau,,2000
Panama,6.554796477,2000
Papua New Guinea,0.835249302,2000
Paraguay,0.747630712,2000
Peru,3.076430611,2000
Philippines,1.982253196,2000
Poland,7.285428708,2000
Portugal,16.43046769,2000
Qatar,4.863679179,2000
Romania,3.613717291,2000
Russia,1.977230109,2000
Rwanda,0.06283146,2000
Samoa,0.566392533,2000
San Marino,48.79949531,2000
São Tomé and Principe,4.638516816,2000
Saudi Arabia,2.210691809,2000
Senegal,0.403967486,2000
Serbia,,2000
Seychelles,7.395629183,2000
Sierra Leone,0.118254246,2000
Singapore,36,2000
Slovak Republic,9.426803201,2000
Slovenia,15.11025956,2000
Solomon Islands,0.481296806,2000
Somalia,0.02,2000
South Africa,5.348559732,2000
South Sudan,,2000
Spain,13.62496081,2000
Sri Lanka,0.647410011,2000
St. Kitts and Nevis,5.86281024,2000
St. Lucia,5.090483341,2000
St. Vincent and the Grenadines,3.245037411,2000
Sudan,0.025785032,2000
Suriname,2.506411052,2000
Swaziland,0.926191777,2000
Sweden,45.68765221,2000
Switzerland,47.1,2000
Syrian Arab Republic,0.18169858,2000
Tajikistan,0.048599595,2000
Tanzania,0.11719444,2000
Thailand,3.689041279,2000
The Bahamas,8,2000
The Gambia,0.921794919,2000
Timor-Leste,,2000
Togo,0.8,2000
Tonga,2.434398044,2000
Trinidad and Tobago,7.721411474,2000
Tunisia,2.750740293,2000
Turkey,3.761685035,2000
Turkmenistan,0.133282183,2000
Tuvalu,5.241639585,2000
Uganda,0.163714063,2000
Ukraine,0.716183762,2000
United Arab Emirates,23.62530088,2000
United Kingdom,26.82175435,2000
United States,43.07916264,2000
Uruguay,10.53905775,2000
Uzbekistan,0.484347308,2000
Vanuatu,2.108336891,2000
Venezuela,3.359597465,2000
Vietnam,0.254248276,2000
West Bank and Gaza,1.111306207,2000
Yemen,0.082500387,2000
Zambia,0.191071643,2000
Zimbabwe,0.401433535,2000
Afghanistan,1.224148084,2005
Albania,6.043890864,2005
Algeria,5.843942092,2005
Andorra,37.60576622,2005
Angola,1.143366827,2005
Antigua and Barbuda,27,2005
Argentina,17.72058337,2005
Armenia,5.252983352,2005
Australia,63,2005
Austria,58,2005
Azerbaijan,8.030375356,2005
Bahrain,21.30373351,2005
Bangladesh,0.241637326,2005
Barbados,52.5,2005
Belarus,,2005
Belgium,55.82,2005
Belize,17,2005
Benin,1.271031439,2005
Bhutan,3.847106745,2005
Bolivia,5.227583957,2005
Bosnia and Herzegovina,21.326701,2005
Botswana,3.262554036,2005
Brazil,21.02274725,2005
Brunei,36.46639195,2005
Bulgaria,19.97,2005
Burkina Faso,0.469914489,2005
Burundi,0.542142866,2005
Cabo Verde,6.074087107,2005
Cambodia,0.317321781,2005
Cameroon,1.402654226,2005
Canada,71.66,2005
Central African Republic,0.268195609,2005
Chad,0.3992577,2005
Chile,31.17534703,2005
China,8.523257003,2005
Colombia,11.00726389,2005
Comoros,2,2005
Congo,1.46342006,2005
Costa Rica,22.07,2005
Côte d'Ivoire,1.039238205,2005
Croatia,33.14,2005
Cuba,9.738062208,2005
Cyprus,32.81,2005
Czech Republic,35.27,2005
Dem. People's Rep. Korea,0,2005
Dem. Rep. Congo,0.238037799,2005
Denmark,82.74,2005
Djibouti,0.953611449,2005
Dominica,38.54364326,2005
Dominican Republic,11.48319778,2005
Ecuador,5.994255161,2005
Egypt,12.75,2005
El Salvador,4.2,2005
Equatorial Guinea,1.149789671,2005
Eritrea,,2005
Estonia,61.45,2005
Ethiopia,0.219659819,2005
Fiji,8.453636634,2005
Finland,74.48,2005
France,42.87,2005
Gabon,4.89326475,2005
Georgia,6.079457629,2005
Germany,68.71,2005
Ghana,1.831197461,2005
Greece,24,2005
Grenada,20.48780488,2005
Guatemala,5.7,2005
Guinea,0.542254181,2005
Guinea-Bissau,1.901365316,2005
Guyana,,2005
Haiti,6.376201635,2005
Honduras,6.5,2005
"Hong Kong SAR, China",56.9,2005
Hungary,38.97,2005
Iceland,87,2005
India,2.388075,2005
Indonesia,3.602024763,2005
Iran,8.1,2005
Iraq,0.9,2005
Ireland,41.61,2005
Israel,25.19404242,2005
Italy,35,2005
Jamaica,12.8,2005
Japan,66.9210661,2005
Jordan,12.93285205,2005
Kazakhstan,2.961707492,2005
Kenya,3.101897702,2005
Kiribati,4,2005
Korea,73.5,2005
Kuwait,25.92610837,2005
Kyrgyz Republic,10.53380134,2005
Lao PDR,0.85035749,2005
Latvia,46,2005
Lebanon,10.14,2005
Lesotho,2.580245484,2005
Liberia,,2005
Libya,3.917787977,2005
Liechtenstein,63.37135615,2005
Lithuania,36.22,2005
Luxembourg,70,2005
"Macao SAR, China",34.86292717,2005
Macedonia,26.45,2005
Madagascar,0.567721802,2005
Malawi,0.384489334,2005
Malaysia,48.62917025,2005
Maldives,6.869605067,2005
Mali,0.507063136,2005
Malta,41.24,2005
Marshall Islands,3.878702398,2005
Mauritania,0.669966475,2005
Mauritius,15.17222875,2005
Mexico,17.21,2005
Micronesia,11.8813691,2005
Moldova,14.63027046,2005
Monaco,55.46482606,2005
Mongolia,,2005
Montenegro,27.1,2005
Morocco,15.08444452,2005
Mozambique,0.854357118,2005
Myanmar,0.065238856,2005
Namibia,4.010046644,2005
Nauru,,2005
Nepal,0.826551266,2005
Netherlands,81,2005
New Zealand,62.72021237,2005
Nicaragua,2.566351177,2005
Niger,0.221341351,2005
Nigeria,3.549155718,2005
Norway,81.99,2005
Oman,6.68358142,2005
Pakistan,6.332329098,2005
Palau,,2005
Panama,11.48400928,2005
Papua New Guinea,1.716190476,2005
Paraguay,7.907007861,2005
Peru,17.1,2005
Philippines,5.397636329,2005
Poland,38.81,2005
Portugal,34.99,2005
Qatar,24.73349378,2005
Romania,21.5,2005
Russia,15.2266732,2005
Rwanda,0.556041165,2005
Samoa,3.352592112,2005
San Marino,50.2595642,2005
São Tomé and Principe,13.75948422,2005
Saudi Arabia,12.70503599,2005
Senegal,4.786684083,2005
Serbia,26.3,2005
Seychelles,25.41326815,2005
Sierra Leone,0.21539161,2005
Singapore,61,2005
Slovak Republic,55.19,2005
Slovenia,46.81,2005
Solomon Islands,0.844307573,2005
Somalia,1.077327839,2005
South Africa,7.48854253,2005
South Sudan,,2005
Spain,47.88,2005
Sri Lanka,1.792046794,2005
St. Kitts and Nevis,34,2005
St. Lucia,21.56758295,2005
St. Vincent and the Grenadines,9.198278082,2005
Sudan,1.292040678,2005
Suriname,6.403086288,2005
Swaziland,3.696961073,2005
Sweden,84.83,2005
Switzerland,70.1,2005
Syrian Arab Republic,5.648106049,2005
Tajikistan,0.298690024,2005
Tanzania,1.1,2005
Thailand,15.02600436,2005
The Bahamas,25,2005
The Gambia,3.799001139,2005
Timor-Leste,0.099031768,2005
Togo,1.8,2005
Tonga,4.907782762,2005
Trinidad and Tobago,28.97671243,2005
Tunisia,9.655086542,2005
Turkey,15.46,2005
Turkmenistan,0.997256559,2005
Tuvalu,,2005
Uganda,1.742205503,2005
Ukraine,3.749764415,2005
United Arab Emirates,40,2005
United Kingdom,70,2005
United States,67.96805292,2005
Uruguay,20.08818956,2005
Uzbekistan,3.343509888,2005
Vanuatu,5.082333808,2005
Venezuela,12.55299791,2005
Vietnam,12.73992929,2005
West Bank and Gaza,16.005,2005
Yemen,1.048597934,2005
Zambia,2.851752261,2005
Zimbabwe,2.4,2005
Afghanistan,4,2010
Albania,45,2010
Algeria,12.5,2010
Andorra,81,2010
Angola,2.8,2010
Antigua and Barbuda,47,2010
Argentina,45,2010
Armenia,25,2010
Australia,76,2010
Austria,75.17,2010
Azerbaijan,46,2010
Bahrain,55,2010
Bangladesh,3.7,2010
Barbados,65.1,2010
Belarus,31.8,2010
Belgium,75,2010
Belize,28.2,2010
Benin,3.13,2010
Bhutan,13.6,2010
Bolivia,22.4,2010
Bosnia and Herzegovina,42.75,2010
Botswana,6,2010
Brazil,40.65,2010
Brunei,53,2010
Bulgaria,46.23,2010
Burkina Faso,2.4,2010
Burundi,1,2010
Cabo Verde,30,2010
Cambodia,1.26,2010
Cameroon,4.3,2010
Canada,80.3,2010
Central African Republic,2,2010
Chad,1.7,2010
Chile,45,2010
China,34.3,2010
Colombia,36.5,2010
Comoros,5.1,2010
Congo,5,2010
Costa Rica,36.5,2010
Côte d'Ivoire,2.7,2010
Croatia,56.55,2010
Cuba,15.9,2010
Cyprus,52.99,2010
Czech Republic,68.82,2010
Dem. People's Rep. Korea,0,2010
Dem. Rep. Congo,0.72,2010
Denmark,88.72,2010
Djibouti,6.5,2010
Dominica,47.45,2010
Dominican Republic,31.4,2010
Ecuador,29.03,2010
Egypt,21.6,2010
El Salvador,15.9,2010
Equatorial Guinea,6,2010
Eritrea,0.61,2010
Estonia,74.1,2010
Ethiopia,0.75,2010
Fiji,20,2010
Finland,86.89,2010
France,77.28,2010
Gabon,7.23,2010
Georgia,26.9,2010
Germany,82,2010
Ghana,7.8,2010
Greece,44.4,2010
Grenada,27,2010
Guatemala,10.5,2010
Guinea,1,2010
Guinea-Bissau,2.45,2010
Guyana,29.9,2010
Haiti,8.37,2010
Honduras,11.09,2010
"Hong Kong SAR, China",72,2010
Hungary,65,2010
Iceland,93.39,2010
India,7.5,2010
Indonesia,10.92,2010
Iran,15.9,2010
Iraq,2.5,2010
Ireland,69.85,2010
Israel,67.5,2010
Italy,53.68,2010
Jamaica,27.67,2010
Japan,78.21,2010
Jordan,27.2,2010
Kazakhstan,31.6,2010
Kenya,14,2010
Kiribati,9.07,2010
Korea,83.7,2010
Kuwait,61.4,2010
Kyrgyz Republic,16.3,2010
Lao PDR,7,2010
Latvia,68.42,2010
Lebanon,43.68,2010
Lesotho,3.86,2010
Liberia,2.3,2010
Libya,14,2010
Liechtenstein,80,2010
Lithuania,62.12,2010
Luxembourg,90.62,2010
"Macao SAR, China",55.198,2010
Macedonia,51.9,2010
Madagascar,1.7,2010
Malawi,2.26,2010
Malaysia,56.3,2010
Maldives,26.53,2010
Mali,2,2010
Malta,63,2010
Marshall Islands,7,2010
Mauritania,4,2010
Mauritius,28.33,2010
Mexico,31.05,2010
Micronesia,20,2010
Moldova,32.3,2010
Monaco,75,2010
Mongolia,10.2,2010
Montenegro,37.5,2010
Morocco,52,2010
Mozambique,4.17,2010
Myanmar,0.25,2010
Namibia,11.6,2010
Nauru,,2010
Nepal,7.93,2010
Netherlands,90.72,2010
New Zealand,80.46,2010
Nicaragua,10,2010
Niger,0.83,2010
Nigeria,24,2010
Norway,93.39,2010
Oman,35.8278,2010
Pakistan,8,2010
Palau,,2010
Panama,40.1,2010
Papua New Guinea,1.28,2010
Paraguay,19.8,2010
Peru,34.77,2010
Philippines,25,2010
Poland,62.32,2010
Portugal,53.3,2010
Qatar,69,2010
Romania,39.93,2010
Russia,43,2010
Rwanda,8,2010
Samoa,7,2010
San Marino,,2010
São Tomé and Principe,18.75,2010
Saudi Arabia,41,2010
Senegal,8,2010
Serbia,40.9,2010
Seychelles,41,2010
Sierra Leone,0.58,2010
Singapore,71,2010
Slovak Republic,75.71,2010
Slovenia,70,2010
Solomon Islands,5,2010
Somalia,,2010
South Africa,24,2010
South Sudan,7,2010
Spain,65.8,2010
Sri Lanka,12,2010
St. Kitts and Nevis,63,2010
St. Lucia,43.3,2010
St. Vincent and the Grenadines,33.7,2010
Sudan,16.7,2010
Suriname,31.59,2010
Swaziland,11.04,2010
Sweden,90,2010
Switzerland,83.9,2010
Syrian Arab Republic,20.7,2010
Tajikistan,11.55,2010
Tanzania,2.9,2010
Thailand,22.4,2010
The Bahamas,43,2010
The Gambia,9.2,2010
Timor-Leste,0.21,2010
Togo,3,2010
Tonga,16,2010
Trinidad and Tobago,48.5,2010
Tunisia,36.8,2010
Turkey,39.82,2010
Turkmenistan,3,2010
Tuvalu,25,2010
Uganda,12.5,2010
Ukraine,23.3,2010
United Arab Emirates,68,2010
United Kingdom,85,2010
United States,71.69,2010
Uruguay,46.4,2010
Uzbekistan,15.9,2010
Vanuatu,8,2010
Venezuela,37.37,2010
Vietnam,30.65,2010
West Bank and Gaza,37.4,2010
Yemen,12.35,2010
Zambia,10,2010
Zimbabwe,6.4,2010
Afghanistan,5,2011
Albania,49,2011
Algeria,14,2011
Andorra,81,2011
Angola,3.1,2011
Antigua and Barbuda,52,2011
Argentina,51,2011
Armenia,32,2011
Australia,79.48769771,2011
Austria,78.7399931,2011
Azerbaijan,50,2011
Bahrain,76.9999665,2011
Bangladesh,4.5,2011
Barbados,66.5,2011
Belarus,39.64889566,2011
Belgium,81.609996,2011
Belize,30.7,2011
Benin,4.148323066,2011
Bhutan,14.4,2011
Bolivia,30,2011
Bosnia and Herzegovina,47.77,2011
Botswana,8,2011
Brazil,45.69,2011
Brunei,56,2011
Bulgaria,47.97999305,2011
Burkina Faso,3,2011
Burundi,1.11,2011
Cabo Verde,32,2011
Cambodia,3.1,2011
Cameroon,5,2011
Canada,83,2011
Central African Republic,2.2,2011
Chad,1.9,2011
Chile,52.24960729,2011
China,38.3,2011
Colombia,40.35091576,2011
Comoros,5.5,2011
Congo,5.6,2011
Costa Rica,39.212196,2011
Côte d'Ivoire,2.9,2011
Croatia,57.78997899,2011
Cuba,16.0172908,2011
Cyprus,56.85989235,2011
Czech Republic,70.49,2011
Dem. People's Rep. Korea,0,2011
Dem. Rep. Congo,1.2,2011
Denmark,89.81001339,2011
Djibouti,7,2011
Dominica,48.6,2011
Dominican Republic,38,2011
Ecuador,31.36680836,2011
Egypt,25.6,2011
El Salvador,18.9,2011
Equatorial Guinea,11.5,2011
Eritrea,0.7,2011
Estonia,76.5,2011
Ethiopia,1.1,2011
Fiji,28,2011
Finland,88.70999491,2011
France,77.81999899,2011
Gabon,8,2011
Georgia,31.52,2011
Germany,81.26999954,2011
Ghana,9,2011
Greece,51.64999517,2011
Grenada,30,2011
Guatemala,12.3,2011
Guinea,1.3,2011
Guinea-Bissau,2.672,2011
Guyana,31,2011
Haiti,9,2011
Honduras,15.9,2011
"Hong Kong SAR, China",72.2,2011
Hungary,68.01998789,2011
Iceland,94.8196868,2011
India,10.07,2011
Indonesia,12.28,2011
Iran,19,2011
Iraq,5,2011
Ireland,74.88997297,2011
Israel,68.87387799,2011
Italy,54.3899983,2011
Jamaica,37.43861342,2011
Japan,79.05411352,2011
Jordan,34.9,2011
Kazakhstan,50.6,2011
Kenya,28,2011
Kiribati,10,2011
Korea,83.75912015,2011
Kuwait,65.76907069,2011
Kyrgyz Republic,17.5,2011
Lao PDR,9,2011
Latvia,69.74995456,2011
Lebanon,52,2011
Lesotho,4.2248,2011
Liberia,2.5,2011
Libya,14,2011
Liechtenstein,85,2011
Lithuania,63.6399774,2011
Luxembourg,90.02985857,2011
"Macao SAR, China",60.20369672,2011
Macedonia,56.7,2011
Madagascar,1.9,2011
Malawi,3.33,2011
Malaysia,61,2011
Maldives,34,2011
Mali,2.2,2011
Malta,68.01982379,2011
Marshall Islands,10,2011
Mauritania,4.5,2011
Mauritius,34.95,2011
Mexico,37.17629541,2011
Micronesia,22.8,2011
Moldova,38,2011
Monaco,80.3,2011
Mongolia,12.49999111,2011
Montenegro,35.61154125,2011
Morocco,46.1074826,2011
Mozambique,4.3,2011
Myanmar,0.98,2011
Namibia,12,2011
Nauru,54,2011
Nepal,9,2011
Netherlands,91.41999576,2011
New Zealand,81.23,2011
Nicaragua,10.6,2011
Niger,1.3,2011
Nigeria,28.43,2011
Norway,93.48998265,2011
Oman,48,2011
Pakistan,9,2011
Palau,,2011
Panama,42.7,2011
Papua New Guinea,2,2011
Paraguay,24.76351588,2011
Peru,36.01,2011
Philippines,29,2011
Poland,61.94999897,2011
Portugal,55.24999688,2011
Qatar,69,2011
Romania,40.00999678,2011
Russia,49,2011
Rwanda,7,2011
Samoa,11,2011
San Marino,49.6,2011
São Tomé and Principe,20.1612,2011
Saudi Arabia,47.5,2011
Senegal,9.8,2011
Serbia,42.2,2011
Seychelles,43.16400446,2011
Sierra Leone,0.9,2011
Singapore,71,2011
Slovak Republic,74.43999718,2011
Slovenia,67.33999481,2011
Solomon Islands,6,2011
Somalia,1.25,2011
South Africa,33.97,2011
South Sudan,,2011
Spain,67.6,2011
Sri Lanka,15,2011
St. Kitts and Nevis,63.2,2011
St. Lucia,44,2011
St. Vincent and the Grenadines,36.7,2011
Sudan,17.46,2011
Suriname,32,2011
Swaziland,18.13,2011
Sweden,92.76998606,2011
Switzerland,85.19302818,2011
Syrian Arab Republic,22.5,2011
Tajikistan,13.03,2011
Tanzania,3.2,2011
Thailand,23.66992562,2011
The Bahamas,65,2011
The Gambia,10.8703,2011
Timor-Leste,0.9,2011
Togo,3.5,2011
Tonga,25,2011
Trinidad and Tobago,55.2,2011
Tunisia,39.1,2011
Turkey,43.06571043,2011
Turkmenistan,5,2011
Tuvalu,30,2011
Uganda,13.01354333,2011
Ukraine,28.70826284,2011
United Arab Emirates,78,2011
United Kingdom,85.37999855,2011
United States,69.72946076,2011
Uruguay,51.40466106,2011
Uzbekistan,18.6,2011
Vanuatu,9.2,2011
Venezuela,40.22,2011
Vietnam,35.07,2011
West Bank and Gaza,41.08,2011
Yemen,14.905,2011
Zambia,11.5,2011
Zimbabwe,8.4,2011
Afghanistan,5.454545455,2012
Albania,54.65595904,2012
Algeria,15.22802676,2012
Andorra,86.43442462,2012
Angola,6.5,2012
Antigua and Barbuda,58,2012
Argentina,55.8,2012
Armenia,37.5,2012
Australia,79,2012
Austria,80.02999392,2012
Azerbaijan,54.2,2012
Bahrain,88,2012
Bangladesh,5,2012
Barbados,71.2,2012
Belarus,46.91,2012
Belgium,80.71999055,2012
Belize,31,2012
Benin,4.5,2012
Bhutan,15.6,2012
Bolivia,35.34,2012
Bosnia and Herzegovina,52.78,2012
Botswana,11.5,2012
Brazil,48.56,2012
Brunei,60.27306504,2012
Bulgaria,51.89998767,2012
Burkina Faso,3.725034916,2012
Burundi,1.219999945,2012
Cabo Verde,34.74,2012
Cambodia,4.94,2012
Cameroon,,2012
Canada,83,2012
Central African Republic,3,2012
Chad,2.1,2012
Chile,55.05,2012
China,42.30011749,2012
Colombia,48.98,2012
Comoros,5.975296308,2012
Congo,6.106695024,2012
Costa Rica,47.5,2012
Côte d'Ivoire,5,2012
Croatia,61.93997315,2012
Cuba,21.2,2012
Cyprus,60.6898684,2012
Czech Republic,73.43000782,2012
Dem. People's Rep. Korea,0,2012
Dem. Rep. Congo,1.679961015,2012
Denmark,92.26001172,2012
Djibouti,8.267232892,2012
Dominica,49.8,2012
Dominican Republic,42.32,2012
Ecuador,35.13514646,2012
Egypt,26.4,2012
El Salvador,20.32138772,2012
Equatorial Guinea,13.94318219,2012
Eritrea,0.8,2012
Estonia,78.38992593,2012
Ethiopia,2.9,2012
Fiji,33.74235675,2012
Finland,89.87999797,2012
France,81.44,2012
Gabon,8.616714489,2012
Georgia,36.94,2012
Germany,82.34999847,2012
Ghana,10.6,2012
Greece,55.06999344,2012
Grenada,32,2012
Guatemala,16,2012
Guinea,1.490144366,2012
Guinea-Bissau,2.893990621,2012
Guyana,33,2012
Haiti,9.8,2012
Honduras,18.12,2012
"Hong Kong SAR, China",72.9,2012
Hungary,70.57999815,2012
Iceland,96.20979956,2012
India,12.58006091,2012
Indonesia,14.52,2012
Iran,22.73,2012
Iraq,7.1,2012
Ireland,76.91999254,2012
Israel,70.8,2012
Italy,55.82999799,2012
Jamaica,33.79,2012
Japan,79.4964,2012
Jordan,37,2012
Kazakhstan,53.31566912,2012
Kenya,32.1,2012
Kiribati,10.74679768,2012
Korea,84.07,2012
Kuwait,70.45,2012
Kyrgyz Republic,19.8,2012
Lao PDR,10.74767619,2012
Latvia,73.11994377,2012
Lebanon,61.24978572,2012
Lesotho,4.58961763,2012
Liberia,2.6,2012
Libya,,2012
Liechtenstein,89.4077,2012
Lithuania,67.22998933,2012
Luxembourg,91.94992374,2012
"Macao SAR, China",61.31,2012
Macedonia,57.44994731,2012
Madagascar,2.3,2012
Malawi,4.3506,2012
Malaysia,65.8,2012
Maldives,38.9301,2012
Mali,2.8,2012
Malta,68.19987429,2012
Marshall Islands,12.5,2012
Mauritania,5,2012
Mauritius,35.42,2012
Mexico,39.75,2012
Micronesia,25.974423,2012
Moldova,43.37,2012
Monaco,87,2012
Mongolia,16.4,2012
Montenegro,56.83878255,2012
Morocco,55.41605319,2012
Mozambique,4.8491,2012
Myanmar,1.44,2012
Namibia,12.9414,2012
Nauru,,2012
Nepal,11.1493,2012
Netherlands,92.85999236,2012
New Zealand,82,2012
Nicaragua,13.5,2012
Niger,1.4077,2012
Nigeria,32.8,2012
Norway,94.64997805,2012
Oman,60,2012
Pakistan,9.96,2012
Palau,,2012
Panama,40.30189522,2012
Papua New Guinea,3.5,2012
Paraguay,29.34,2012
Peru,38.2,2012
Philippines,36.2351,2012
Poland,62.30999727,2012
Portugal,60.33999749,2012
Qatar,69.3,2012
Romania,45.87999425,2012
Russia,63.8,2012
Rwanda,8.023854277,2012
Samoa,12.92249,2012
San Marino,,2012
São Tomé and Principe,21.5724,2012
Saudi Arabia,54,2012
Senegal,10.8,2012
Serbia,48.1,2012
Seychelles,47.076,2012
Sierra Leone,1.3,2012
Singapore,72,2012
Slovak Republic,76.70999012,2012
Slovenia,68.34997453,2012
Solomon Islands,6.9974,2012
Somalia,1.3767,2012
South Africa,41,2012
South Sudan,,2012
Spain,69.80999994,2012
Sri Lanka,18.2854,2012
St. Kitts and Nevis,64,2012
St. Lucia,45.9,2012
St. Vincent and the Grenadines,40,2012
Sudan,21,2012
Suriname,34.6812,2012
Swaziland,20.78178258,2012
Sweden,93.17998801,2012
Switzerland,85.2,2012
Syrian Arab Republic,24.3001,2012
Tajikistan,14.51,2012
Tanzania,3.95,2012
Thailand,26.46,2012
The Bahamas,71.74820282,2012
The Gambia,12.44922872,2012
Timor-Leste,2.3,2012
Togo,4,2012
Tonga,33,2012
Trinidad and Tobago,59.5162,2012
Tunisia,41.4416,2012
Turkey,45.13,2012
Turkmenistan,7.1958,2012
Tuvalu,35,2012
Uganda,14.6896,2012
Ukraine,35.27,2012
United Arab Emirates,84.99999151,2012
United Kingdom,87.47999842,2012
United States,74.7,2012
Uruguay,54.45376868,2012
Uzbekistan,23.6,2012
Vanuatu,10.598,2012
Venezuela,49.05008307,2012
Vietnam,39.49,2012
West Bank and Gaza,43.4,2012
Yemen,17.4465,2012
Zambia,13.4682,2012
Zimbabwe,12,2012
Afghanistan,5.9,2013
Albania,57.2,2013
Algeria,16.5,2013
Andorra,94,2013
Angola,8.9,2013
Antigua and Barbuda,63.4,2013
Argentina,59.9,2013
Armenia,41.9,2013
Australia,83.45349717,2013
Austria,80.6188,2013
Azerbaijan,73.00000137,2013
Bahrain,90.0000397,2013
Bangladesh,6.63,2013
Barbados,71.8,2013
Belarus,54.17,2013
Belgium,82.1702,2013
Belize,33.6,2013
Benin,4.9,2013
Bhutan,22.4,2013
Bolivia,36.99,2013
Bosnia and Herzegovina,57.79,2013
Botswana,15,2013
Brazil,51.04,2013
Brunei,64.5,2013
Bulgaria,53.0615,2013
Burkina Faso,9.1,2013
Burundi,1.264218111,2013
Cabo Verde,37.5,2013
Cambodia,6.8,2013
Cameroon,,2013
Canada,85.8,2013
Central African Republic,3.5,2013
Chad,2.3,2013
Chile,58,2013
China,45.8,2013
Colombia,51.7,2013
Comoros,6.5,2013
Congo,6.6,2013
Costa Rica,45.96,2013
Côte d'Ivoire,8.4,2013
Croatia,66.7476,2013
Cuba,27.93,2013
Cyprus,65.4548,2013
Czech Republic,74.1104,2013
Dem. People's Rep. Korea,,2013
Dem. Rep. Congo,2.2,2013
Denmark,94.6297,2013
Djibouti,9.5,2013
Dominica,51,2013
Dominican Republic,45.9,2013
Ecuador,40.27912194,2013
Egypt,29.4,2013
El Salvador,23.1093,2013
Equatorial Guinea,16.4,2013
Eritrea,0.9,2013
Estonia,79.4,2013
Ethiopia,4.6,2013
Fiji,37.1,2013
Finland,91.5144,2013
France,81.9198,2013
Gabon,9.2,2013
Georgia,43.3,2013
Germany,84.17,2013
Ghana,12.3,2013
Greece,59.8663,2013
Grenada,35,2013
Guatemala,19.7,2013
Guinea,1.6,2013
Guinea-Bissau,3.1,2013
Guyana,35,2013
Haiti,10.6,2013
Honduras,17.8,2013
"Hong Kong SAR, China",74.2,2013
Hungary,72.6439,2013
Iceland,96.5468,2013
India,15.1,2013
Indonesia,14.94,2013
Iran,29.95,2013
Iraq,9.2,2013
Ireland,78.2477,2013
Israel,70.25031195,2013
Italy,58.4593,2013
Jamaica,37.1,2013
Japan,88.21942891,2013
Jordan,41.4,2013
Kazakhstan,63,2013
Kenya,39,2013
Kiribati,11.5,2013
Korea,84.77,2013
Kuwait,75.46,2013
Kyrgyz Republic,23,2013
Lao PDR,12.5,2013
Latvia,75.2344,2013
Lebanon,70.5,2013
Lesotho,5,2013
Liberia,3.2,2013
Libya,16.5,2013
Liechtenstein,93.8,2013
Lithuania,68.4529,2013
Luxembourg,93.7765,2013
"Macao SAR, China",65.8,2013
Macedonia,65.24,2013
Madagascar,3,2013
Malawi,5.05,2013
Malaysia,57.05751226,2013
Maldives,44.1,2013
Mali,3.5,2013
Malta,68.9138,2013
Marshall Islands,14,2013
Mauritania,6.2,2013
Mauritius,40.11682514,2013
Mexico,43.46,2013
Micronesia,27.8,2013
Moldova,45,2013
Monaco,90.7,2013
Mongolia,17.69998424,2013
Montenegro,60.31,2013
Morocco,56,2013
Mozambique,5.4,2013
Myanmar,1.8,2013
Namibia,13.9,2013
Nauru,,2013
Nepal,13.3,2013
Netherlands,93.9564,2013
New Zealand,82.78,2013
Nicaragua,15.5,2013
Niger,1.7,2013
Nigeria,38,2013
Norway,95.0534,2013
Oman,66.45,2013
Pakistan,10.9,2013
Palau,,2013
Panama,44.03,2013
Papua New Guinea,5.1,2013
Paraguay,36.9,2013
Peru,39.2,2013
Philippines,37,2013
Poland,62.8492,2013
Portugal,62.0956,2013
Qatar,85.3,2013
Romania,49.7645,2013
Russia,67.97,2013
Rwanda,9,2013
Samoa,15.3,2013
San Marino,,2013
São Tomé and Principe,23,2013
Saudi Arabia,60.5,2013
Senegal,13.1,2013
Serbia,53.45036418,2013
Seychelles,50.4,2013
Sierra Leone,1.7,2013
Singapore,80.90205685,2013
Slovak Republic,77.8826,2013
Slovenia,72.6756,2013
Solomon Islands,8,2013
Somalia,1.5,2013
South Africa,46.5,2013
South Sudan,14.1,2013
Spain,71.635,2013
Sri Lanka,21.9,2013
St. Kitts and Nevis,64.6,2013
St. Lucia,46.2,2013
St. Vincent and the Grenadines,43.5,2013
Sudan,22.7,2013
Suriname,37.4,2013
Swaziland,24.7,2013
Sweden,94.7836,2013
Switzerland,86.34,2013
Syrian Arab Republic,26.2,2013
Tajikistan,16,2013
Tanzania,4.4,2013
Thailand,28.94,2013
The Bahamas,72,2013
The Gambia,14,2013
Timor-Leste,8,2013
Togo,4.5,2013
Tonga,35,2013
Trinidad and Tobago,63.8,2013
Tunisia,43.8,2013
Turkey,46.25,2013
Turkmenistan,9.6,2013
Tuvalu,37,2013
Uganda,16.2,2013
Ukraine,40.954129,2013
United Arab Emirates,88,2013
United Kingdom,89.8441,2013
United States,71.4,2013
Uruguay,57.69,2013
Uzbekistan,26.8,2013
Vanuatu,11.3,2013
Venezuela,54.9,2013
Vietnam,43.9,2013
West Bank and Gaza,46.6,2013
Yemen,20,2013
Zambia,15.4,2013
Zimbabwe,15.5,2013
Afghanistan,7,2014
Albania,60.1,2014
Algeria,25,2014
Andorra,95.9,2014
Angola,10.2,2014
Antigua and Barbuda,64,2014
Argentina,64.7,2014
Armenia,54.62280586,2014
Australia,84,2014
Austria,81,2014
Azerbaijan,75.00001564,2014
Bahrain,90.50313348,2014
Bangladesh,13.9,2014
Barbados,75.16,2014
Belarus,59.02,2014
Belgium,85,2014
Belize,38.7,2014
Benin,6,2014
Bhutan,30.3,2014
Bolivia,34.6,2014
Bosnia and Herzegovina,60.8,2014
Botswana,18.5,2014
Brazil,54.55100188,2014
Brunei,68.77,2014
Bulgaria,55.49,2014
Burkina Faso,9.4,2014
Burundi,1.38,2014
Cabo Verde,40.26,2014
Cambodia,14,2014
Cameroon,16.21487223,2014
Canada,87.12,2014
Central African Republic,4.03,2014
Chad,2.5,2014
Chile,61.11,2014
China,47.9,2014
Colombia,52.57,2014
Comoros,6.98,2014
Congo,7.11,2014
Costa Rica,53,2014
Côte d'Ivoire,14.6,2014
Croatia,68.57,2014
Cuba,29.07018437,2014
Cyprus,69.33,2014
Czech Republic,79.71,2014
Dem. People's Rep. Korea,,2014
Dem. Rep. Congo,3,2014
Denmark,95.99,2014
Djibouti,10.71,2014
Dominica,57.5,2014
Dominican Republic,49.58,2014
Ecuador,45.59039067,2014
Egypt,33.89460391,2014
El Salvador,24.76171215,2014
Equatorial Guinea,18.86,2014
Eritrea,0.99,2014
Estonia,84.24,2014
Ethiopia,7.7,2014
Fiji,41.8,2014
Finland,92.38,2014
France,83.75,2014
Gabon,20,2014
Georgia,44,2014
Germany,86.19,2014
Ghana,18.9,2014
Greece,63.21,2014
Grenada,51.6,2014
Guatemala,23.4,2014
Guinea,1.72,2014
Guinea-Bissau,3.32,2014
Guyana,37.35,2014
Haiti,11.4,2014
Honduras,19.08,2014
"Hong Kong SAR, China",79.86627043,2014
Hungary,76.13,2014
Iceland,98.16,2014
India,21,2014
Indonesia,17.14,2014
Iran,39.35,2014
Iraq,13.21,2014
Ireland,79.69,2014
Israel,75.01775316,2014
Italy,61.96,2014
Jamaica,40.40273511,2014
Japan,89.10683302,2014
Jordan,46.2,2014
Kazakhstan,66,2014
Kenya,43.4,2014
Kiribati,12.25,2014
Korea,87.87,2014
Kuwait,78.7,2014
Kyrgyz Republic,28.3,2014
Lao PDR,14.26,2014
Latvia,75.83,2014
Lebanon,73,2014
Lesotho,11,2014
Liberia,5.41,2014
Libya,17.76,2014
Liechtenstein,95.21,2014
Lithuania,72.13,2014
Luxembourg,94.67,2014
"Macao SAR, China",69.78,2014
Macedonia,68.06,2014
Madagascar,3.7,2014
Malawi,5.83,2014
Malaysia,63.66542588,2014
Maldives,49.28,2014
Mali,7,2014
Malta,73.17,2014
Marshall Islands,16.8,2014
Mauritania,10.7,2014
Mauritius,44.80327537,2014
Mexico,44.39,2014
Micronesia,29.65,2014
Moldova,46.6,2014
Monaco,92.4,2014
Mongolia,19.94244744,2014
Montenegro,61,2014
Morocco,56.8,2014
Mozambique,5.94,2014
Myanmar,11.52,2014
Namibia,14.84,2014
Nauru,,2014
Nepal,15.44,2014
Netherlands,93.17,2014
New Zealand,85.5,2014
Nicaragua,17.6,2014
Niger,1.95,2014
Nigeria,42.68,2014
Norway,96.3,2014
Oman,70.22,2014
Pakistan,13.8,2014
Palau,,2014
Panama,44.92,2014
Papua New Guinea,6.5,2014
Paraguay,43,2014
Peru,40.2,2014
Philippines,39.69,2014
Poland,66.6,2014
Portugal,64.59,2014
Qatar,91.49,2014
Romania,54.08,2014
Russia,70.52,2014
Rwanda,10.6,2014
Samoa,21.2,2014
San Marino,,2014
São Tomé and Principe,24.41,2014
Saudi Arabia,64.71365737,2014
Senegal,17.7,2014
Serbia,62.07508046,2014
Seychelles,54.26,2014
Sierra Leone,2.1,2014
Singapore,79.02923586,2014
Slovak Republic,79.98,2014
Slovenia,71.59,2014
Solomon Islands,9,2014
Somalia,1.63,2014
South Africa,49,2014
South Sudan,15.9,2014
Spain,76.19,2014
Sri Lanka,25.8,2014
St. Kitts and Nevis,68,2014
St. Lucia,50,2014
St. Vincent and the Grenadines,47.4,2014
Sudan,24.64,2014
Suriname,40.08,2014
Swaziland,27.1,2014
Sweden,92.52,2014
Switzerland,87.4,2014
Syrian Arab Republic,28.09,2014
Tajikistan,17.49,2014
Tanzania,4.86,2014
Thailand,34.89,2014
The Bahamas,76.92,2014
The Gambia,16.5,2014
Timor-Leste,11.3,2014
Togo,5.7,2014
Tonga,40,2014
Trinidad and Tobago,65.1,2014
Tunisia,46.16,2014
Turkey,51.04,2014
Turkmenistan,12.2,2014
Tuvalu,39.2,2014
Uganda,17.71,2014
Ukraine,46.23597546,2014
United Arab Emirates,90.4,2014
United Kingdom,91.61,2014
United States,73,2014
Uruguay,61.46,2014
Uzbekistan,35.5,2014
Vanuatu,18.8,2014
Venezuela,57,2014
Vietnam,48.31,2014
West Bank and Gaza,53.67,2014
Yemen,22.55,2014
Zambia,19,2014
Zimbabwe,16.3,2014
Afghanistan,8.26,2015
Albania,63.2529327,2015
Algeria,38.2,2015
Andorra,96.91,2015
Angola,12.4,2015
Antigua and Barbuda,65.2,2015
Argentina,69.40092102,2015
Armenia,58.24933222,2015
Australia,84.56051935,2015
Austria,83.9263,2015
Azerbaijan,77,2015
Bahrain,93.47830114,2015
Bangladesh,14.4,2015
Barbados,76.11,2015
Belarus,62.23036091,2015
Belgium,85.0529,2015
Belize,41.59,2015
Benin,6.787702956,2015
Bhutan,39.8,2015
Bolivia,45.1,2015
Bosnia and Herzegovina,65.0655028,2015
Botswana,27.5,2015
Brazil,59.07947791,2015
Brunei,71.2,2015
Bulgaria,56.6563,2015
Burkina Faso,11.38764617,2015
Burundi,4.866224464,2015
Cabo Verde,43.01962636,2015
Cambodia,19,2015
Cameroon,20.68014766,2015
Canada,88.47,2015
Central African Republic,4.563264352,2015
Chad,2.700000001,2015
Chile,64.289,2015
China,50.3,2015
Colombia,55.90497251,2015
Comoros,7.459161386,2015
Congo,7.615974662,2015
Costa Rica,59.76295014,2015
Côte d'Ivoire,21,2015
Croatia,69.8031,2015
Cuba,31.10797021,2015
Cyprus,71.7159,2015
Czech Republic,81.2986,2015
Dem. People's Rep. Korea,,2015
Dem. Rep. Congo,3.799999507,2015
Denmark,96.3305,2015
Djibouti,11.92243143,2015
Dominica,67.6,2015
Dominican Republic,51.93023274,2015
Ecuador,48.94043379,2015
Egypt,35.9,2015
El Salvador,26.91507533,2015
Equatorial Guinea,21.31999999,2015
Eritrea,1.083733116,2015
Estonia,88.4066,2015
Ethiopia,11.6,2015
Fiji,46.32872895,2015
Finland,92.6513,2015
France,84.6945,2015
Gabon,23.5,2015
Georgia,45.15837441,2015
Germany,87.5898,2015
Ghana,23.47812844,2015
Greece,66.835,2015
Grenada,53.81,2015
Guatemala,27.1,2015
Guinea,4.7,2015
Guinea-Bissau,3.540706917,2015
Guyana,38.2,2015
Haiti,12.19776638,2015
Honduras,20.35686743,2015
"Hong Kong SAR, China",84.94835296,2015
Hungary,72.8347,2015
Iceland,98.2,2015
India,26,2015
Indonesia,21.97606771,2015
Iran,44.08287502,2015
Iraq,17.22,2015
Ireland,80.1224,2015
Israel,78.8851791,2015
Italy,65.5716,2015
Jamaica,43.17589719,2015
Japan,93.32941106,2015
Jordan,53.4,2015
Kazakhstan,72.86601297,2015
Kenya,45.62280061,2015
Kiribati,12.99748389,2015
Korea,89.8962558,2015
Kuwait,82.07911476,2015
Kyrgyz Republic,30.24704278,2015
Lao PDR,18.2,2015
Latvia,79.2006,2015
Lebanon,74,2015
Lesotho,16.0717077,2015
Liberia,5.903867603,2015
Libya,19.01607978,2015
Liechtenstein,96.6411951,2015
Lithuania,71.378,2015
Luxembourg,97.3341,2015
"Macao SAR, China",77.60013186,2015
Macedonia,70.3802,2015
Madagascar,4.17397219,2015
Malawi,9.298148347,2015
Malaysia,71.06406781,2015
Maldives,54.46195515,2015
Mali,10.33692498,2015
Malta,76.184,2015
Marshall Islands,19.2824418,2015
Mauritania,15.19912669,2015
Mauritius,50.13931848,2015
Mexico,57.43104299,2015
Micronesia,31.50108128,2015
Moldova,49.83693954,2015
Monaco,93.36330202,2015
Mongolia,21.43603111,2015
Montenegro,64.56499314,2015
Morocco,57.08,2015
Mozambique,9,2015
Myanmar,21.8,2015
Namibia,22.30701479,2015
Nauru,,2015
Nepal,17.58161801,2015
Netherlands,93.0965,2015
New Zealand,88.22288882,2015
Nicaragua,19.7042915,2015
Niger,2.22016535,2015
Nigeria,47.44255029,2015
Norway,96.8103,2015
Oman,74.17416597,2015
Pakistan,18,2015
Palau,,2015
Panama,51.205425,2015
Papua New Guinea,7.9,2015
Paraguay,44.38159692,2015
Peru,40.9,2015
Philippines,40.7,2015
Poland,67.997,2015
Portugal,68.6329,2015
Qatar,92.88482645,2015
Romania,55.7632,2015
Russia,73.41,2015
Rwanda,18,2015
Samoa,25.40700977,2015
San Marino,,2015
São Tomé and Principe,25.8222488,2015
Saudi Arabia,69.6162358,2015
Senegal,21.69026413,2015
Serbia,65.3170254,2015
Seychelles,58.11869757,2015
Sierra Leone,2.5,2015
Singapore,82.103,2015
Slovak Republic,85.01951406,2015
Slovenia,73.0987,2015
Solomon Islands,10.00046498,2015
Somalia,1.76,2015
South Africa,51.91911572,2015
South Sudan,17.92978723,2015
Spain,78.6896,2015
Sri Lanka,29.98873755,2015
St. Kitts and Nevis,75.7,2015
St. Lucia,52.35,2015
St. Vincent and the Grenadines,51.77,2015
Sudan,26.61492855,2015
Suriname,42.76382778,2015
Swaziland,30.38270066,2015
Sweden,90.6102,2015
Switzerland,87.97,2015
Syrian Arab Republic,29.97979724,2015
Tajikistan,18.98,2015
Tanzania,5.355144064,2015
Thailand,39.31612674,2015
The Bahamas,78,2015
The Gambia,17.1198205,2015
Timor-Leste,13.4,2015
Togo,7.12,2015
Tonga,44.99951883,2015
Trinidad and Tobago,69.19847061,2015
Tunisia,48.51983599,2015
Turkey,53.74497914,2015
Turkmenistan,14.99677482,2015
Tuvalu,42.7,2015
Uganda,19.22109963,2015
Ukraine,49.26,2015
United Arab Emirates,91.24340578,2015
United Kingdom,92.0003,2015
United States,74.55,2015
Uruguay,64.6,2015
Uzbekistan,42.8,2015
Vanuatu,22.35140458,2015
Venezuela,61.86924809,2015
Vietnam,52.72,2015
West Bank and Gaza,57.42419241,2015
Yemen,25.0995144,2015
Zambia,21,2015
Zimbabwe,16.36,2015